{"count":1,"self":2654.7689471999997,"total":10055.098464499999,"children":{"InitializeActuators":{"count":16,"self":0.0019951,"total":0.0019951,"children":null},"InitializeSensors":{"count":16,"self":0.0029912,"total":0.0029912,"children":null},"AgentSendState":{"count":1607301,"self":31.111372799999998,"total":117.5772631,"children":{"CollectObservations":{"count":5143376,"self":14.1418704,"total":14.1418701,"children":null},"WriteActionMask":{"count":5143376,"self":5.9170744,"total":5.9170745,"children":null},"RequestDecision":{"count":5143376,"self":20.3696992,"total":66.4069465,"children":{"AgentInfo.ToProto":{"count":5143376,"self":19.4080448,"total":46.0372468,"children":{"GenerateSensorData":{"count":5143376,"self":26.6292016,"total":26.629201899999998,"children":null}}}}}}},"DecideAction":{"count":1607301,"self":7239.3310207999994,"total":7239.3312417,"children":null},"AgentAct":{"count":1607301,"self":43.3578592,"total":43.414986299999995,"children":{"AgentInfo.ToProto":{"count":6416,"self":0.0270706,"total":0.0571259,"children":{"GenerateSensorData":{"count":6416,"self":0.0300553,"total":0.0300553,"children":null}}}}}},"gauges":{"Pelota.CumulativeReward":{"count":6416,"max":3.50000048,"min":-5.09999752,"runningAverage":-0.7653829,"value":-1.00000012,"weightedAverage":-0.512417734}},"metadata":{"timer_format_version":"0.1.0","start_time_seconds":"1663348861","unity_version":"2021.3.6f1","command_line_arguments":"C:\\Unity\\2021.3.6f1\\Editor\\Unity.exe -projectpath C:\/ml-agents\/ml-agents 0.3.1\/IA -useHub -hubIPC -cloudEnvironment production -hubSessionId 90b6d800-3593-11ed-85ee-2f1dac4e2107 -accessToken MEj6BwY9VsVv5ObXaQIqi-HPsMwOaL8DWNrfQQC2Bn0001f","communication_protocol_version":"1.5.0","com.unity.ml-agents_version":"2.0.1","scene_name":"CuboX","end_time_seconds":"1663358916"}}