{
    "name": "root",
    "gauges": {
        "Pelota.Policy.Entropy.mean": {
            "value": 1.4027032852172852,
            "min": 1.4000437259674072,
            "max": 1.4488214254379272,
            "count": 31
        },
        "Pelota.Policy.Entropy.sum": {
            "value": 17954.6015625,
            "min": 13440.419921875,
            "max": 18544.9140625,
            "count": 31
        },
        "Pelota.Environment.EpisodeLength.mean": {
            "value": 799.0,
            "min": 799.0,
            "max": 799.0,
            "count": 31
        },
        "Pelota.Environment.EpisodeLength.sum": {
            "value": 12784.0,
            "min": 9588.0,
            "max": 12784.0,
            "count": 31
        },
        "Pelota.Step.mean": {
            "value": 371200.0,
            "min": 11200.0,
            "max": 371200.0,
            "count": 31
        },
        "Pelota.Step.sum": {
            "value": 371200.0,
            "min": 11200.0,
            "max": 371200.0,
            "count": 31
        },
        "Pelota.Policy.ExtrinsicValueEstimate.mean": {
            "value": -0.11341660469770432,
            "min": -0.16906239092350006,
            "max": 0.08458077907562256,
            "count": 31
        },
        "Pelota.Policy.ExtrinsicValueEstimate.sum": {
            "value": -1.701249122619629,
            "min": -2.535935878753662,
            "max": 1.1841309070587158,
            "count": 31
        },
        "Pelota.Environment.CumulativeReward.mean": {
            "value": -1.2533333738644918,
            "min": -2.3214286672217503,
            "max": -0.42666670481363933,
            "count": 31
        },
        "Pelota.Environment.CumulativeReward.sum": {
            "value": -18.800000607967377,
            "min": -32.50000134110451,
            "max": -6.40000057220459,
            "count": 31
        },
        "Pelota.Policy.ExtrinsicReward.mean": {
            "value": -1.2533333738644918,
            "min": -2.3214286672217503,
            "max": -0.42666670481363933,
            "count": 31
        },
        "Pelota.Policy.ExtrinsicReward.sum": {
            "value": -18.800000607967377,
            "min": -32.50000134110451,
            "max": -6.40000057220459,
            "count": 31
        },
        "Pelota.IsTraining.mean": {
            "value": 1.0,
            "min": 1.0,
            "max": 1.0,
            "count": 31
        },
        "Pelota.IsTraining.sum": {
            "value": 1.0,
            "min": 1.0,
            "max": 1.0,
            "count": 31
        },
        "Pelota.Losses.PolicyLoss.mean": {
            "value": 0.10076979602919892,
            "min": 0.09331733159934175,
            "max": 0.10199138428067575,
            "count": 29
        },
        "Pelota.Losses.PolicyLoss.sum": {
            "value": 0.10076979602919892,
            "min": 0.09331733159934175,
            "max": 0.10199138428067575,
            "count": 29
        },
        "Pelota.Losses.ValueLoss.mean": {
            "value": 0.021040180001873524,
            "min": 0.012930905728523309,
            "max": 0.05140453250768284,
            "count": 29
        },
        "Pelota.Losses.ValueLoss.sum": {
            "value": 0.021040180001873524,
            "min": 0.012930905728523309,
            "max": 0.05140453250768284,
            "count": 29
        },
        "Pelota.Policy.LearningRate.mean": {
            "value": 7.728007423999999e-05,
            "min": 7.728007423999999e-05,
            "max": 0.00029232000256,
            "count": 29
        },
        "Pelota.Policy.LearningRate.sum": {
            "value": 7.728007423999999e-05,
            "min": 7.728007423999999e-05,
            "max": 0.00029232000256,
            "count": 29
        },
        "Pelota.Policy.Epsilon.mean": {
            "value": 0.12576000000000004,
            "min": 0.12576000000000004,
            "max": 0.19744000000000003,
            "count": 29
        },
        "Pelota.Policy.Epsilon.sum": {
            "value": 0.12576000000000004,
            "min": 0.12576000000000004,
            "max": 0.19744000000000003,
            "count": 29
        },
        "Pelota.Policy.Beta.mean": {
            "value": 0.00026502400000000004,
            "min": 0.00026502400000000004,
            "max": 0.0009746560000000001,
            "count": 29
        },
        "Pelota.Policy.Beta.sum": {
            "value": 0.00026502400000000004,
            "min": 0.00026502400000000004,
            "max": 0.0009746560000000001,
            "count": 29
        }
    },
    "metadata": {
        "timer_format_version": "0.1.0",
        "start_time_seconds": "1663316911",
        "python_version": "3.7.13 (default, Mar 28 2022, 08:03:21) [MSC v.1916 64 bit (AMD64)]",
        "command_line_arguments": "C:\\Users\\David\\anaconda3\\envs\\iaunity\\Scripts\\mlagents-learn ./trainer_config.yaml --run-id pelota01",
        "mlagents_version": "0.29.0",
        "mlagents_envs_version": "0.29.0",
        "communication_protocol_version": "1.5.0",
        "pytorch_version": "1.12.1",
        "numpy_version": "1.21.2",
        "end_time_seconds": "1663318682"
    },
    "total": 1771.626738,
    "count": 1,
    "self": 0.007271099999798025,
    "children": {
        "run_training.setup": {
            "total": 0.15727439999999993,
            "count": 1,
            "self": 0.15727439999999993
        },
        "TrainerController.start_learning": {
            "total": 1771.4621925000001,
            "count": 1,
            "self": 2.4872682000307123,
            "children": {
                "TrainerController._reset_env": {
                    "total": 13.888610900000002,
                    "count": 1,
                    "self": 13.888610900000002
                },
                "TrainerController.advance": {
                    "total": 1754.2112833999695,
                    "count": 93841,
                    "self": 2.6103248999406787,
                    "children": {
                        "env_step": {
                            "total": 1430.0824972999967,
                            "count": 93841,
                            "self": 1032.6081141000002,
                            "children": {
                                "SubprocessEnvManager._take_step": {
                                    "total": 395.93410830002637,
                                    "count": 93841,
                                    "self": 7.803423800042253,
                                    "children": {
                                        "TorchPolicy.evaluate": {
                                            "total": 388.1306844999841,
                                            "count": 93841,
                                            "self": 167.3151607999806,
                                            "children": {
                                                "TorchPolicy.sample_actions": {
                                                    "total": 220.81552370000352,
                                                    "count": 93841,
                                                    "self": 220.81552370000352
                                                }
                                            }
                                        }
                                    }
                                },
                                "workers": {
                                    "total": 1.5402748999701643,
                                    "count": 93840,
                                    "self": 0.0,
                                    "children": {
                                        "worker_root": {
                                            "total": 1694.9268214999895,
                                            "count": 93840,
                                            "is_parallel": true,
                                            "self": 852.510824700034,