{"count":1,"self":34.0802592,"total":35.286364999999996,"children":{"InitializeActuators":{"count":2,"self":0.0039555,"total":0.0039555,"children":null},"InitializeSensors":{"count":2,"self":0.0029917999999999998,"total":0.0029917999999999998,"children":null},"AgentSendState":{"count":1723,"self":0.3021856,"total":0.3221808,"children":{"CollectObservations":{"count":690,"self":0.0049384,"total":0.0049384,"children":null},"WriteActionMask":{"count":690,"self":0.0048582999999999994,"total":0.0048582999999999994,"children":null},"RequestDecision":{"count":690,"self":0.0019923,"total":0.0019923,"children":null},"RayPerceptionSensor.Perceive":{"count":344,"self":0.0082062,"total":0.0082062,"children":null}}},"DecideAction":{"count":1723,"self":0.8392472,"total":0.84645819999999994,"children":{"RayPerceptionSensor.Perceive":{"count":690,"self":0.0072109999999999995,"total":0.0072109999999999995,"children":null}}},"AgentAct":{"count":1723,"self":0.027527799999999998,"total":0.027527799999999998,"children":null}},"gauges":{},"metadata":{"timer_format_version":"0.1.0","start_time_seconds":"1663916676","unity_version":"2021.3.6f1","command_line_arguments":"C:\\Users\\David\\Documents\\GitHub\\Portfolio\\Unity\\PelotaLoca\\IA.exe","communication_protocol_version":"1.5.0","com.unity.ml-agents_version":"2.0.1","scene_name":"Practica","end_time_seconds":"1663916711"}}