{
    "name": "root",
    "gauges": {
        "Pelota.Policy.Entropy.mean": {
            "value": 1.3820719718933105,
            "min": 1.3820719718933105,
            "max": 1.4249895811080933,
            "count": 25
        },
        "Pelota.Policy.Entropy.sum": {
            "value": 17690.521484375,
            "min": 13299.60546875,
            "max": 18239.8671875,
            "count": 25
        },
        "Pelota.Environment.EpisodeLength.mean": {
            "value": 799.0,
            "min": 799.0,
            "max": 799.0,
            "count": 25
        },
        "Pelota.Environment.EpisodeLength.sum": {
            "value": 12784.0,
            "min": 9588.0,
            "max": 12784.0,
            "count": 25
        },
        "Pelota.Step.mean": {
            "value": 299200.0,
            "min": 11200.0,
            "max": 299200.0,
            "count": 25
        },
        "Pelota.Step.sum": {
            "value": 299200.0,
            "min": 11200.0,
            "max": 299200.0,
            "count": 25
        },
        "Pelota.Policy.ExtrinsicValueEstimate.mean": {
            "value": -0.11955871433019638,
            "min": -0.13173499703407288,
            "max": 0.11325027793645859,
            "count": 25
        },
        "Pelota.Policy.ExtrinsicValueEstimate.sum": {
            "value": -1.7933807373046875,
            "min": -1.9760249853134155,
            "max": 1.5855039358139038,
            "count": 25
        },
        "Pelota.Environment.CumulativeReward.mean": {
            "value": -0.8600000123182933,
            "min": -1.9142857789993286,
            "max": -0.6200000067551931,
            "count": 25
        },
        "Pelota.Environment.CumulativeReward.sum": {
            "value": -12.900000184774399,
            "min": -26.8000009059906,
            "max": -9.300000101327896,
            "count": 25
        },
        "Pelota.Policy.ExtrinsicReward.mean": {
            "value": -0.8600000123182933,
            "min": -1.9142857789993286,
            "max": -0.6200000067551931,
            "count": 25
        },
        "Pelota.Policy.ExtrinsicReward.sum": {
            "value": -12.900000184774399,
            "min": -26.8000009059906,
            "max": -9.300000101327896,
            "count": 25
        },
        "Pelota.IsTraining.mean": {
            "value": 1.0,
            "min": 1.0,
            "max": 1.0,
            "count": 25
        },
        "Pelota.IsTraining.sum": {
            "value": 1.0,
            "min": 1.0,
            "max": 1.0,
            "count": 25
        },
        "Pelota.Losses.PolicyLoss.mean": {
            "value": 0.09890666043259747,
            "min": 0.0957891125078216,
            "max": 0.10800417933787684,
            "count": 23
        },
        "Pelota.Losses.PolicyLoss.sum": {
            "value": 0.09890666043259747,
            "min": 0.0957891125078216,
            "max": 0.10800417933787684,
            "count": 23
        },
        "Pelota.Losses.ValueLoss.mean": {
            "value": 0.01763884234474972,
            "min": 0.009559055544668809,
            "max": 0.03674566943974544,
            "count": 23
        },
        "Pelota.Losses.ValueLoss.sum": {
            "value": 0.01763884234474972,
            "min": 0.009559055544668809,
            "max": 0.03674566943974544,
            "count": 23
        },
        "Pelota.Policy.LearningRate.mean": {
            "value": 0.00012336005887999998,
            "min": 0.00012336005887999998,
            "max": 0.00029232000256,
            "count": 23
        },
        "Pelota.Policy.LearningRate.sum": {
            "value": 0.00012336005887999998,
            "min": 0.00012336005887999998,
            "max": 0.00029232000256,
            "count": 23
        },
        "Pelota.Policy.Epsilon.mean": {
            "value": 0.14112,
            "min": 0.14112,
            "max": 0.19744000000000003,
            "count": 23
        },
        "Pelota.Policy.Epsilon.sum": {
            "value": 0.14112,
            "min": 0.14112,
            "max": 0.19744000000000003,
            "count": 23
        },
        "Pelota.Policy.Beta.mean": {
            "value": 0.000417088,
            "min": 0.000417088,
            "max": 0.0009746560000000001,
            "count": 23
        },
        "Pelota.Policy.Beta.sum": {
            "value": 0.000417088,
            "min": 0.000417088,
            "max": 0.0009746560000000001,
            "count": 23
        }
    },
    "metadata": {
        "timer_format_version": "0.1.0",
        "start_time_seconds": "1663319924",
        "python_version": "3.7.13 (default, Mar 28 2022, 08:03:21) [MSC v.1916 64 bit (AMD64)]",
        "command_line_arguments": "C:\\Users\\David\\anaconda3\\envs\\iaunity\\Scripts\\mlagents-learn ./trainer_config.yaml --run-id pelota02",
        "mlagents_version": "0.29.0",
        "mlagents_envs_version": "0.29.0",
        "communication_protocol_version": "1.5.0",
        "pytorch_version": "1.12.1",
        "numpy_version": "1.21.2",
        "end_time_seconds": "1663321476"
    },
    "total": 1552.3005342000001,
    "count": 1,
    "self": 0.00595940000016526,
    "children": {
        "run_training.setup": {
            "total": 0.09900310000000001,
            "count": 1,
            "self": 0.09900310000000001
        },
        "TrainerController.start_learning": {
            "total": 1552.1955717,
            "count": 1,
            "self": 2.028260699996963,
            "children": {
                "TrainerController._reset_env": {
                    "total": 9.830564500000001,
                    "count": 1,
                    "self": 9.830564500000001
                },
                "TrainerController.advance": {
                    "total": 1539.920146100003,
                    "count": 77537,
                    "self": 2.13150150004185,
                    "children": {
                        "env_step": {
                            "total": 1263.2301132999762,
                            "count": 77537,
                            "self": 930.6995676000091,
                            "children": {
                                "SubprocessEnvManager._take_step": {
                                    "total": 331.26199309998,
                                    "count": 77537,
                                    "self": 6.696623100010072,
                                    "children": {
                                        "TorchPolicy.evaluate": {
                                            "total": 324.5653699999699,
                                            "count": 77537,
                                            "self": 138.68695939998616,
                                            "children": {
                                                "TorchPolicy.sample_actions": {
                                                    "total": 185.87841059998374,
                                                    "count": 77537,
                                                    "self": 185.87841059998374
                                                }
                                            }
                                        }
                                    }
                                },
                                "workers": {
                                    "total": 1.2685525999871228,
                                    "count": 77536,
                                    "self": 0.0,
                                    "children": {
                                        "worker_root": {
                                            "total": 1477.9990623000124,
                                            "count": 77536,
                                            "is_parallel": true,
                                            "self": 718.5804795999904,